my_choice,opponent_choice,wins_by_trick,ties_by_trick,wins_by_card,ties_by_card,simulations
BBB,BBB,0,300,0,300,300
BBB,BBR,131,40,143,2,300
BBB,BRB,200,45,189,6,300
BBB,BRR,233,47,215,6,300
BBB,RBB,299,1,294,0,300
BBB,RBR,195,47,181,10,300
BBB,RRB,288,8,278,2,300
BBB,RRR,110,88,145,14,300
BBR,BBB,129,40,155,2,300
BBR,BBR,0,300,0,300,300
BBR,BRB,30,32,36,8,300
BBR,BRR,16,14,18,6,300
BBR,RBB,272,22,300,0,300
BBR,RBR,30,22,22,5,300
BBR,RRB,110,63,142,22,300
BBR,RRR,11,13,30,2,300
BRB,BBB,55,45,105,6,300
BRB,BBR,238,32,256,8,300
BRB,BRB,0,300,0,300,300
BRB,BRR,125,48,136,12,300
BRB,RBB,132,40,178,9,300
BRB,RBR,116,53,158,4,300
BRB,RRB,233,36,267,2,300
BRB,RRR,49,36,87,13,300
BRR,BBB,20,47,79,6,300
BRR,BBR,270,14,276,6,300
BRR,BRB,127,48,152,12,300
BRR,BRR,0,300,0,300,300
BRR,RBB,142,40,162,13,300
BRR,RBR,110,50,112,6,300
BRR,RRB,3,14,0,0,300
BRR,RRR,0,6,7,0,300
RBB,BBB,0,1,6,0,300
RBB,BBR,6,22,0,0,300
RBB,BRB,128,40,113,9,300
RBB,BRR,118,40,125,13,300
RBB,RBB,0,300,0,300,300
RBB,RBR,109,47,125,19,300
RBB,RRB,260,14,273,6,300
RBB,RRR,38,35,76,11,300
RBR,BBB,58,47,109,10,300
RBR,BBR,248,22,273,5,300
RBR,BRB,131,53,138,4,300
RBR,BRR,140,50,182,6,300
RBR,RBB,144,47,156,19,300
RBR,RBR,0,300,0,300,300
RBR,RRB,242,19,247,3,300
RBR,RRR,61,35,114,9,300
RRB,BBB,4,8,20,2,300
RRB,BBR,127,63,136,22,300
RRB,BRB,31,36,31,2,300
RRB,BRR,283,14,300,0,300
RRB,RBB,26,14,21,6,300
RRB,RBR,39,19,50,3,300
RRB,RRB,0,300,0,300,300
RRB,RRR,117,41,150,10,300
RRR,BBB,102,88,141,14,300
RRR,BBR,276,13,268,2,300
RRR,BRB,215,36,200,13,300
RRR,BRR,294,6,293,0,300
RRR,RBB,227,35,213,11,300
RRR,RBR,204,35,177,9,300
RRR,RRB,142,41,140,10,300
RRR,RRR,0,300,0,300,300
